<?xml version="1.0" encoding="UTF-8"?>
<project-private xmlns="http://www.netbeans.org/ns/project-private/1">
    <editor-bookmarks xmlns="http://www.netbeans.org/ns/editor-bookmarks/2" lastBookmarkId="0"/>
    <open-files xmlns="http://www.netbeans.org/ns/projectui-open-files/2">
        <group>
            <file>file:/D:/Storage/HUST/20191/LTNC/BTVN/Tuan%203_4/Paint/Paint/src/paint/PaintDemo.java</file>
            <file>file:/D:/Storage/HUST/20191/LTNC/BTVN/Tuan%203_4/Paint/Paint/src/paint/Paint.java</file>
        </group>
    </open-files>
</project-private>
